{"cameraMode":{"drawMode":0,"name":"Shaded","section":"Shading Mode"},"sceneLighting":true,"audioPlay":false,"sceneViewState":{"m_AlwaysRefresh":false,"showFog":true,"showSkybox":true,"showFlares":true,"showImageEffects":true,"showParticleSystems":true,"showVisualEffectGraphs":true,"m_FxEnabled":false},"in2DMode":false,"pivot":{"x":-285.9688720703125,"y":179.105224609375,"z":-39.667938232421878},"rotation":{"x":0.45111438632011416,"y":-0.000014500008546747267,"z":-0.0000014671104509034195,"w":0.8924981951713562},"size":294.107666015625,"orthographic":false}